INSERT INTO CATEGORY VALUES (1, 'BOOKS', NULL);
INSERT INTO CATEGORY VALUES (2, 'FOOD', NULL);
INSERT INTO CATEGORY VALUES (3, 'MEDICINES', NULL);
INSERT INTO CATEGORY VALUES (4, 'MUSIC', NULL);
INSERT INTO CATEGORY VALUES (5, 'FRAGRANCES', NULL);

INSERT INTO PRODUCT VALUES (1, 'book', 1);
INSERT INTO PRODUCT VALUES (2, 'music CD', 4);
INSERT INTO PRODUCT VALUES (3, 'chocolate bar', 2);
INSERT INTO PRODUCT VALUES (4, 'imported box of chocolates', 2);
INSERT INTO PRODUCT VALUES (5, 'imported bottle of perfumes', 5);
INSERT INTO PRODUCT VALUES (6, 'imported bottle of perfumes', 5);
INSERT INTO PRODUCT VALUES (7, 'bottle of perfumes', 5);
INSERT INTO PRODUCT VALUES (8, 'packet of headache pills', 3);
INSERT INTO PRODUCT VALUES (9, 'box of imported chocolates', 2);

-- first not active
INSERT INTO PRODUCT_PRICING(PRODUCT_ID, PRICE, VALID_FROM, VALID_TO, ACTIVE) VALUES (1, 1500.00, CURRENT_TIMESTAMP, DATEADD(WEEK, 1, CURRENT_TIMESTAMP), FALSE);
INSERT INTO PRODUCT_PRICING(PRODUCT_ID, PRICE, VALID_FROM, VALID_TO, ACTIVE) VALUES (1, 12.49, CURRENT_TIMESTAMP, DATEADD(WEEK, 1, CURRENT_TIMESTAMP), TRUE);
-- flag true, but end_date expired
INSERT INTO PRODUCT_PRICING(PRODUCT_ID, PRICE, VALID_FROM, VALID_TO, ACTIVE) VALUES (2, 1.00, DATE '2019-07-01', DATE '2019-07-15', TRUE);
INSERT INTO PRODUCT_PRICING(PRODUCT_ID, PRICE, VALID_FROM, VALID_TO, ACTIVE) VALUES (2, 14.99, CURRENT_TIMESTAMP, DATEADD(WEEK, 1, CURRENT_TIMESTAMP), TRUE);
INSERT INTO PRODUCT_PRICING(PRODUCT_ID, PRICE, VALID_FROM, VALID_TO, ACTIVE) VALUES (3, 0.85, CURRENT_TIMESTAMP, DATEADD(WEEK, 1, CURRENT_TIMESTAMP), TRUE);
INSERT INTO PRODUCT_PRICING(PRODUCT_ID, PRICE, VALID_FROM, VALID_TO, ACTIVE) VALUES (4, 10.00, CURRENT_TIMESTAMP, DATEADD(WEEK, 1, CURRENT_TIMESTAMP), TRUE);
INSERT INTO PRODUCT_PRICING(PRODUCT_ID, PRICE, VALID_FROM, VALID_TO, ACTIVE) VALUES (5, 47.50, CURRENT_TIMESTAMP, DATEADD(WEEK, 1, CURRENT_TIMESTAMP), TRUE);
INSERT INTO PRODUCT_PRICING(PRODUCT_ID, PRICE, VALID_FROM, VALID_TO, ACTIVE) VALUES (6, 27.99, CURRENT_TIMESTAMP, DATEADD(WEEK, 1, CURRENT_TIMESTAMP), TRUE);
INSERT INTO PRODUCT_PRICING(PRODUCT_ID, PRICE, VALID_FROM, VALID_TO, ACTIVE) VALUES (7, 18.99, CURRENT_TIMESTAMP, DATEADD(WEEK, 1, CURRENT_TIMESTAMP), TRUE);
INSERT INTO PRODUCT_PRICING(PRODUCT_ID, PRICE, VALID_FROM, VALID_TO, ACTIVE) VALUES (8, 9.75, CURRENT_TIMESTAMP, DATEADD(WEEK, 1, CURRENT_TIMESTAMP), TRUE);
INSERT INTO PRODUCT_PRICING(PRODUCT_ID, PRICE, VALID_FROM, VALID_TO, ACTIVE) VALUES (9, 11.25, CURRENT_TIMESTAMP, DATEADD(WEEK, 1, CURRENT_TIMESTAMP), TRUE);

INSERT INTO CATEGORY_TAX(CATEGORY_ID, TAX_AMOUNT, MODIFIER, VALID_FROM, VALID_TO, ACTIVE) VALUES (4, 10, 'PERC', CURRENT_TIMESTAMP, '9999-12-31', TRUE);
INSERT INTO CATEGORY_TAX(CATEGORY_ID, TAX_AMOUNT, MODIFIER, VALID_FROM, VALID_TO, ACTIVE) VALUES (5, 10, 'PERC', CURRENT_TIMESTAMP, '9999-12-31', TRUE);

INSERT INTO ATTRIBUTE VALUES (1, NULL, NULL, TRUE);
INSERT INTO ATTRIBUTE VALUES (2, NULL, '100ML', FALSE);
INSERT INTO ATTRIBUTE VALUES (3, 'BLACK', NULL, FALSE);

INSERT INTO PRODUCT_ATTRIBUTE VALUES (1, 4, 1);
INSERT INTO PRODUCT_ATTRIBUTE VALUES (2, 5, 1);
INSERT INTO PRODUCT_ATTRIBUTE VALUES (3, 6, 1);
-- some other attribute set for testing correctness
INSERT INTO PRODUCT_ATTRIBUTE VALUES (4, 6, 2);
INSERT INTO PRODUCT_ATTRIBUTE VALUES (5, 9, 3);

-- flat tax, valid period, not active
INSERT INTO ATTRIBUTE_TAX(ATTRIBUTE_ID, TAX_AMOUNT, MODIFIER, VALID_FROM, VALID_TO, ACTIVE) VALUES (1, 1.5, 'FLAT', CURRENT_TIMESTAMP, '9999-12-31', FALSE );
INSERT INTO ATTRIBUTE_TAX(ATTRIBUTE_ID, TAX_AMOUNT, MODIFIER, VALID_FROM, VALID_TO, ACTIVE)      VALUES (1, 5, 'PERC', CURRENT_TIMESTAMP, '9999-12-31', TRUE );